update__date;album_cover__jpeg;album__href;album__name;artist__href;artist__name;release__date;release__date_text
2024-01-31;https://is1-ssl.mzstatic.com/image/thumb/Music116/v4/ce/46/9d/ce469d1f-4c8c-e313-db6f-88ca5680f934/196871475792.jpg/296x296bf-60.jpg;https://music.apple.com/us/album/weibermacht/1721394746;Weibermacht;https://music.apple.com/us/artist/folterkammer/1530465491;Folterkammer;2024-04-19 00:00:00;April 19, 2024
2024-01-31;https://is1-ssl.mzstatic.com/image/thumb/Music116/v4/c6/63/53/c6635339-7664-0ff1-56da-9924a51f7e9e/cover.jpg/296x296bf-60.jpg;https://music.apple.com/us/album/trouble-ep/1716328950;TROUBLE - EP;https://music.apple.com/us/artist/comeback-kid/7581156;Comeback Kid;2023-03-15 00:00:00;Delayed
2024-01-31;https://is1-ssl.mzstatic.com/image/thumb/Music116/v4/0b/8a/2f/0b8a2fc6-ff0d-ec52-0b69-102aca211151/197190472011.jpg/296x296bf-60.jpg;https://music.apple.com/us/album/noxious-concoctions-ep/1717503560;Noxious Concoctions - EP;https://music.apple.com/us/artist/ghoul/1516360864;Ghoul;2024-02-02 00:00:00;February 2, 2024
2024-01-31;https://is1-ssl.mzstatic.com/image/thumb/Music116/v4/1c/a6/a5/1ca6a5cc-2ce6-0f4a-e626-06b1c3e6d2ee/cover.jpg/296x296bf-60.jpg;https://music.apple.com/us/album/death-can-wait/1707270766;Death Can Wait;https://music.apple.com/us/artist/being-as-an-ocean/492982354;Being As An Ocean;2024-02-02 00:00:00;February 2, 2024
2024-01-31;https://is1-ssl.mzstatic.com/image/thumb/Music116/v4/50/ec/02/50ec02c4-a395-0ef3-9010-a15e603127c2/20938.jpg/296x296bf-60.jpg;https://music.apple.com/us/album/death-an-anthology/1708966182;Death: An Anthology;https://music.apple.com/us/artist/enterprise-earth/923642844;Enterprise Earth;2024-02-02 00:00:00;February 2, 2024
2024-01-31;https://is1-ssl.mzstatic.com/image/thumb/Music126/v4/7e/cf/15/7ecf15d4-ccd1-ef87-4e28-642019dadc63/810135718493.jpg/296x296bf-60.jpg;https://music.apple.com/us/album/lingua-ignota-pt-i-ep/1716091695;Lingua Ignota: Pt. I - EP;https://music.apple.com/us/artist/persefone/337247603;Persefone;2024-02-02 00:00:00;February 2, 2024
2024-01-31;https://is1-ssl.mzstatic.com/image/thumb/Music116/v4/e4/36/e1/e436e1b7-5b76-dfdd-aaa8-176369410478/cover.jpg/296x296bf-60.jpg;https://music.apple.com/us/album/pulse-ep/1715516224;PULSE - EP;https://music.apple.com/us/artist/levels/283547704;LEVELS;2024-02-02 00:00:00;February 2, 2024
2024-01-31;https://is1-ssl.mzstatic.com/image/thumb/Music126/v4/47/16/8f/47168f46-dda1-1062-9b72-2962b8fa5aff/656191958721.jpg/296x296bf-60.jpg;https://music.apple.com/us/album/shame/1705978580;SHAME;https://music.apple.com/us/artist/meth/1466156034;meth.;2024-02-02 00:00:00;February 2, 2024
2024-01-31;https://is1-ssl.mzstatic.com/image/thumb/Music126/v4/a2/c8/7b/a2c87b99-2c85-e751-b1ea-5bb06e704a43/197190211481.jpg/296x296bf-60.jpg;https://music.apple.com/us/album/toil/1712504870;Toil;https://music.apple.com/us/artist/oberst/502387633;Oberst;2024-04-26 00:00:00;April 26, 2024
2024-01-31;https://is1-ssl.mzstatic.com/image/thumb/Music116/v4/93/78/ff/9378ff90-bc5f-01d0-53a5-a0d9e4bf3d76/197190199833.jpg/296x296bf-60.jpg;https://music.apple.com/us/album/death-2-ep/1718684157;DEATH 2 - EP;https://music.apple.com/us/artist/banks-arcade/1323565307;Banks Arcade;2024-02-02 00:00:00;February 2, 2024
2024-01-31;https://is1-ssl.mzstatic.com/image/thumb/Music126/v4/35/ca/91/35ca9107-bf85-fb75-6dbc-ddadc26870e1/822603196603.jpg/296x296bf-60.jpg;https://music.apple.com/us/album/swords-of-dajjal/1715036480;Swords of Dajjal;https://music.apple.com/us/artist/necrowretch/585731005;Necrowretch;2024-02-02 00:00:00;February 2, 2024
2024-01-31;https://is1-ssl.mzstatic.com/image/thumb/Music116/v4/86/29/dc/8629dc32-20cc-1ed1-3f97-3f33b7f906b7/197190290646.jpg/296x296bf-60.jpg;https://music.apple.com/us/album/othervoid/1714339963;Othervoid;https://music.apple.com/us/artist/transit-method/447630134;Transit Method;2024-02-02 00:00:00;February 2, 2024
2024-01-31;https://is1-ssl.mzstatic.com/image/thumb/Music116/v4/61/92/4f/61924f82-520e-89f2-168b-5b7aa8b28a3b/cover.jpg/296x296bf-60.jpg;https://music.apple.com/us/album/resilience/1718280725;Resilience;https://music.apple.com/us/artist/20-seconds-falling-man/1390673930;20 Seconds Falling Man;2024-02-02 00:00:00;February 2, 2024
2024-01-31;https://is1-ssl.mzstatic.com/image/thumb/Music116/v4/31/66/57/31665720-a783-bff7-2597-38c2a8815e3a/617395989683.jpg/296x296bf-60.jpg;https://music.apple.com/us/album/raptures-of-psychopathy/1719757212;Raptures of Psychopathy;https://music.apple.com/us/artist/stages-of-decomposition/883485780;Stages Of Decomposition;2024-02-02 00:00:00;February 2, 2024
2024-01-31;https://is1-ssl.mzstatic.com/image/thumb/Music116/v4/4e/db/50/4edb5076-9928-da2b-a7f7-c2bcc1c247cc/197189370137.jpg/296x296bf-60.jpg;https://music.apple.com/us/album/metaphysicize/1715034064;Metaphysicize;https://music.apple.com/us/artist/bipolar-architecture/1513614101;Bipolar Architecture;2024-02-02 00:00:00;February 2, 2024
2024-01-31;https://is1-ssl.mzstatic.com/image/thumb/Music116/v4/fe/cc/b4/feccb481-e96d-4b82-d482-08807bd69f82/795154145898.jpg/296x296bf-60.jpg;https://music.apple.com/us/album/sparagmos/1719969901;Sparagmos;https://music.apple.com/us/artist/spectral-voice/1268713897;Spectral Voice;2024-02-09 00:00:00;February 9, 2024
2024-01-31;https://is1-ssl.mzstatic.com/image/thumb/Music126/v4/2e/04/64/2e04648d-6eee-b53c-d666-02ad9ee2a120/197190308440.jpg/296x296bf-60.jpg;https://music.apple.com/us/album/no-name-graves/1715030530;No Name Graves;https://music.apple.com/us/artist/the-last-ten-seconds-of-life/459333090;The Last Ten Seconds of Life;2024-02-09 00:00:00;February 9, 2024
2024-01-31;https://is1-ssl.mzstatic.com/image/thumb/Music116/v4/84/c8/f6/84c8f6d1-b438-9550-cfc9-85c81cc988a4/23CRGIM37713.rgb.jpg/296x296bf-60.jpg;https://music.apple.com/us/album/she-reaches-out-to-she-reaches-out-to-she/1711265605;She Reaches Out To She Reaches Out To She;https://music.apple.com/us/artist/chelsea-wolfe/252188912;Chelsea Wolfe;2024-02-09 00:00:00;February 9, 2024
2024-01-31;https://is1-ssl.mzstatic.com/image/thumb/Music126/v4/2e/dc/2b/2edc2b2c-8f7f-316f-c49c-099e611a37df/810135719438.jpg/296x296bf-60.jpg;https://music.apple.com/us/album/time/1710565500;TIME;https://music.apple.com/us/artist/infected-rain/428531024;Infected Rain;2024-02-09 00:00:00;February 9, 2024
2024-01-31;https://is1-ssl.mzstatic.com/image/thumb/Music126/v4/0e/57/61/0e576136-a24b-b55f-d882-b8ec1cc0381e/843563170953.jpg/296x296bf-60.jpg;https://music.apple.com/us/album/ashes-in-the-huron-river/1716579995;Ashes In the Huron River;https://music.apple.com/us/artist/theophonos/1670632853;Theophonos;2024-02-09 00:00:00;February 9, 2024
2024-01-31;https://is1-ssl.mzstatic.com/image/thumb/Music116/v4/71/10/e5/7110e58d-9f21-8749-3abb-ecb9df39fdb3/153475.jpg/296x296bf-60.jpg;https://music.apple.com/us/album/semitae-mentis/1712074214;Semitae Mentis;https://music.apple.com/us/artist/spiritual-deception/1408477934;Spiritual Deception;2024-02-09 00:00:00;February 9, 2024
2024-01-31;https://is1-ssl.mzstatic.com/image/thumb/Music126/v4/6a/2d/7d/6a2d7db9-ad3b-21d2-891f-c8d11acb66c5/619843051515_cover.jpg/296x296bf-60.jpg;https://music.apple.com/us/album/noct/1699968986;Noct;https://music.apple.com/us/artist/nefariant/1494404708;Nefariant;2024-02-09 00:00:00;February 9, 2024
2024-01-31;https://is1-ssl.mzstatic.com/image/thumb/Music126/v4/4f/27/b5/4f27b5a3-67c5-317d-d8eb-cad5ac53c078/197189438707.jpg/296x296bf-60.jpg;https://music.apple.com/us/album/celebratory-beheading/1721389353;Celebratory Beheading;https://music.apple.com/us/artist/contaminated/259892898;Contaminated;2024-02-09 00:00:00;February 9, 2024
2024-01-31;https://is1-ssl.mzstatic.com/image/thumb/Music116/v4/f2/56/73/f2567357-b9ce-55bb-50d8-548bda34e143/2197.jpg/296x296bf-60.jpg;https://music.apple.com/us/album/alunarian-bellmaster-deluxe-edition/1713526481;Alunarian Bellmaster (Deluxe Edition);https://music.apple.com/us/artist/aureole/1470661482;Aureole;2024-02-09 00:00:00;February 9, 2024
2024-01-31;https://is1-ssl.mzstatic.com/image/thumb/Music116/v4/c1/18/fc/c118fcd8-11c8-18f4-218c-3d02448a79d5/dj.fjdjqczb.jpg/296x296bf-60.jpg;https://music.apple.com/us/album/verses-in-oath/1719969942;Verses In Oath;https://music.apple.com/us/artist/hulder/1476065947;Hulder;2024-02-09 00:00:00;February 9, 2024
2024-01-31;https://is1-ssl.mzstatic.com/image/thumb/Music126/v4/5b/34/fb/5b34fb6c-1800-2276-391c-d3ee1cc7e35d/197190157291.jpg/296x296bf-60.jpg;https://music.apple.com/us/album/maybe-in-another-life/1712520706;Maybe In Another Life;https://music.apple.com/us/artist/bloom/1073025284;Bloom;2024-02-16 00:00:00;February 16, 2024
2024-01-31;https://is1-ssl.mzstatic.com/image/thumb/Music126/v4/6f/2d/2e/6f2d2e66-a38d-ae16-15a3-1ff10261227e/5401148003154_cover.jpg/296x296bf-60.jpg;https://music.apple.com/us/album/ihsahn/1697520720;Ihsahn;https://music.apple.com/us/artist/ihsahn/152674496;Ihsahn;2024-02-16 00:00:00;February 16, 2024
2024-01-31;https://is1-ssl.mzstatic.com/image/thumb/Music126/v4/6f/6d/22/6f6d22d9-31a6-9bd9-1f79-214632032e0f/5054197670244.jpg/296x296bf-60.jpg;https://music.apple.com/us/album/mean-streets/1716786221;Mean Streets;https://music.apple.com/us/artist/riot-v/928674703;Riot V;2024-02-16 00:00:00;February 16, 2024
2024-01-31;https://is1-ssl.mzstatic.com/image/thumb/Music116/v4/7b/9f/e2/7b9fe238-5449-b587-f3fb-5d12ff3216ef/cover.jpg/296x296bf-60.jpg;https://music.apple.com/us/album/a-digital-nowhere/1709632797;A Digital Nowhere;https://music.apple.com/us/artist/profiler/1564758938;Profiler;2024-02-16 00:00:00;February 16, 2024
2024-01-31;https://is1-ssl.mzstatic.com/image/thumb/Music116/v4/76/ec/ea/76ecead8-867c-476f-d60a-a4df08f98fee/810135712347.jpg/296x296bf-60.jpg;https://music.apple.com/us/album/another-side-of-you/1717349260;Another Side of You;https://music.apple.com/us/artist/illumishade/1494763050;ILLUMISHADE;2024-02-16 00:00:00;February 16, 2024
2024-01-31;https://is1-ssl.mzstatic.com/image/thumb/Music116/v4/32/55/1e/32551eba-6418-fc18-e6b0-4b0233782bc4/197188884567.jpg/296x296bf-60.jpg;https://music.apple.com/us/album/die-laughing/1688219591;Die Laughing.;https://music.apple.com/us/artist/zombieshark/1319426647;Zombieshark!;2024-02-16 00:00:00;February 16, 2024
2024-01-31;https://is1-ssl.mzstatic.com/image/thumb/Music126/v4/47/ac/69/47ac6929-626a-9470-fa73-a76842110657/197190326987.jpg/296x296bf-60.jpg;https://music.apple.com/us/album/screaming-steel/1719693546;Screaming Steel;https://music.apple.com/us/artist/durbin/434899598;Durbin;2024-02-16 00:00:00;February 16, 2024
2024-01-31;https://is1-ssl.mzstatic.com/image/thumb/Music126/v4/ae/a6/00/aea6006e-5876-342b-ffdd-734a244cb878/612789664511.jpg/296x296bf-60.jpg;https://music.apple.com/us/album/a-giant-bound-to-fall/1716432100;A Giant Bound to Fall;https://music.apple.com/us/artist/eternal-storm/843621835;Eternal Storm;2024-02-16 00:00:00;February 16, 2024
2024-01-31;https://is1-ssl.mzstatic.com/image/thumb/Music116/v4/64/00/e9/6400e97a-d682-5c0e-a77a-de06e5c519fd/cover.jpg/296x296bf-60.jpg;https://music.apple.com/us/album/save-our-souls/1715465638;Save Our Souls;https://music.apple.com/us/artist/sujin/1715460839;Sujin;2024-02-16 00:00:00;February 16, 2024
2024-01-31;https://is1-ssl.mzstatic.com/image/thumb/Music126/v4/52/42/7d/52427d1c-0dba-e885-159f-694e2de9daae/656191956321.jpg/296x296bf-60.jpg;https://music.apple.com/us/album/the-end-of-my-road/1705978774;The End Of My Road;https://music.apple.com/us/artist/far-beyond/315248507;Far Beyond;2024-02-16 00:00:00;February 16, 2024
2024-01-31;https://is1-ssl.mzstatic.com/image/thumb/Music116/v4/58/9e/81/589e81b2-3b54-3df6-88eb-9dc4dc23f97b/197189331459.jpg/296x296bf-60.jpg;https://music.apple.com/us/album/all-out-of-dreams/1699204214;All Out of Dreams;https://music.apple.com/us/artist/bokassa/356879165;Bokassa;2024-02-16 00:00:00;February 16, 2024
2024-01-31;https://is1-ssl.mzstatic.com/image/thumb/Music126/v4/04/a7/3c/04a73c10-a313-34f2-7b51-04f71202409c/5401148003161_cover.jpg/296x296bf-60.jpg;https://music.apple.com/us/album/ihsahn-orchestral-version/1698595184;IHSAHN (Orchestral Version);https://music.apple.com/us/artist/ihsahn/152674496;Ihsahn;2024-02-16 00:00:00;February 16, 2024
2024-01-31;https://is1-ssl.mzstatic.com/image/thumb/Music126/v4/a3/45/15/a3451545-fa93-494a-6d98-2c82ca4a3ce8/197190352566.jpg/296x296bf-60.jpg;https://music.apple.com/us/album/suffocating-in-the-current-of-time/1715488454;Suffocating In The Current Of Time;https://music.apple.com/us/artist/praise-the-plague/1406292769;Praise the Plague;2024-02-16 00:00:00;February 16, 2024
2024-01-31;https://is1-ssl.mzstatic.com/image/thumb/Music126/v4/3a/08/38/3a0838bd-7496-a17f-3a7f-02e20f3eb511/196871545693.jpg/296x296bf-60.jpg;https://music.apple.com/us/album/the-congregation-acoustic-live/1718583664;The Congregation Acoustic (Live);https://music.apple.com/us/artist/einar-solberg/452416052;Einar Solberg;2024-02-16 00:00:00;February 16, 2024
2024-01-31;https://is1-ssl.mzstatic.com/image/thumb/Music116/v4/85/a7/75/85a775f8-8abf-49e6-5855-863c2e3c7c8d/810135716680.jpg/296x296bf-60.jpg;https://music.apple.com/us/album/passage-live/1715909400;Passage (Live);https://music.apple.com/us/artist/samael/73170022;Samael;2024-02-16 00:00:00;February 16, 2024
2024-01-31;https://is1-ssl.mzstatic.com/image/thumb/Music116/v4/18/8b/ab/188bab4c-eed3-b142-a600-f35b53a73a82/cover.jpg/296x296bf-60.jpg;https://music.apple.com/us/album/solar-clorex/1719151004;Solar Clorex;https://music.apple.com/us/artist/pestilength/1629581302;Pestilength;2024-02-16 00:00:00;February 16, 2024
2024-01-31;https://is1-ssl.mzstatic.com/image/thumb/Music116/v4/64/8d/62/648d62ff-0294-b747-a035-bc1217f59b59/822603177404.jpg/296x296bf-60.jpg;https://music.apple.com/us/album/fire-blades-from-the-tomb/1717660429;Fire Blades From The Tomb;https://music.apple.com/us/artist/ponte-del-diavolo/1639072320;Ponte del Diavolo;2024-02-16 00:00:00;February 16, 2024
2024-01-31;https://is1-ssl.mzstatic.com/image/thumb/Music116/v4/c0/3c/c0/c03cc0f8-baf9-12d0-ab21-8bfbc1b5372d/2207.jpg/296x296bf-60.jpg;https://music.apple.com/us/album/life-promised-death/1716323337;Life Promised Death;https://music.apple.com/us/artist/farsot/268670270;Farsot;2024-02-16 00:00:00;February 16, 2024
2024-01-31;https://is1-ssl.mzstatic.com/image/thumb/Music126/v4/fd/1e/b5/fd1eb578-6086-88ad-d0bf-e5f2237fc86a/cover.jpg/296x296bf-60.jpg;https://music.apple.com/us/album/powerlords/1715465719;Powerlords;https://music.apple.com/us/artist/elettra-storm/1715460906;Elettra Storm;2024-02-16 00:00:00;February 16, 2024
2024-01-31;https://is1-ssl.mzstatic.com/image/thumb/Music116/v4/fb/8e/95/fb8e958d-c4ff-ac4c-4f53-c043b4cdaf2b/197190156836.jpg/296x296bf-60.jpg;https://music.apple.com/us/album/the-other-side-of-mars/1712141356;The Other Side of Mars;https://music.apple.com/us/artist/mick-mars/26234627;Mick Mars;2024-02-23 00:00:00;February 23, 2024
2024-01-31;https://is1-ssl.mzstatic.com/image/thumb/Music116/v4/df/fb/03/dffb035d-0bb2-f91c-0ea1-474958f9a6e0/810135718455.jpg/296x296bf-60.jpg;https://music.apple.com/us/album/quad-brutal/1717348688;Quad Brutal;https://music.apple.com/us/artist/austrian-death-machine/281651289;Austrian Death Machine;2024-02-23 00:00:00;February 23, 2024
2024-01-31;https://is1-ssl.mzstatic.com/image/thumb/Music116/v4/4d/c6/4b/4dc64b78-ee21-74c0-ed5e-65322082437d/19002.jpg/296x296bf-60.jpg;https://music.apple.com/us/album/perpetual-terminal/1714012138;Perpetual Terminal;https://music.apple.com/us/artist/darkest-hour/15366902;Darkest Hour;2024-02-23 00:00:00;February 23, 2024
2024-01-31;https://is1-ssl.mzstatic.com/image/thumb/Music126/v4/33/58/03/335803a3-b35c-ba23-a0ec-fd90a2177d23/cover.jpg/296x296bf-60.jpg;https://music.apple.com/us/album/the-catalyst/1700520576;The Catalyst;https://music.apple.com/us/artist/amaranthe/421114522;Amaranthe;2024-02-23 00:00:00;February 23, 2024
2024-01-31;https://is1-ssl.mzstatic.com/image/thumb/Music116/v4/de/ff/cb/deffcb9d-21a0-2f4f-5d5e-965ac0320e6c/cover.jpg/296x296bf-60.jpg;https://music.apple.com/us/album/sound-fury/1696920069;"Sound &amp; Fury";https://music.apple.com/us/artist/dust-bolt/541925257;Dust Bolt;2024-02-23 00:00:00;February 23, 2024
2024-01-31;https://is1-ssl.mzstatic.com/image/thumb/Music116/v4/7c/e8/8c/7ce88cb9-34e9-4513-f41a-2c3d358a323d/197190440928.jpg/296x296bf-60.jpg;https://music.apple.com/us/album/close-to-home/1718099034;Close to Home;https://music.apple.com/us/artist/a-burial-at-sea/1417813267;A Burial At Sea;2024-02-23 00:00:00;February 23, 2024
2024-01-31;https://is1-ssl.mzstatic.com/image/thumb/Music126/v4/90/e5/71/90e57182-a9b1-6ed9-428f-02ccdef64095/197188977573.jpg/296x296bf-60.jpg;https://music.apple.com/us/album/inhuman-implants/1715070661;Inhuman Implants;https://music.apple.com/us/artist/atoll/253082638;Atoll;2024-02-23 00:00:00;February 23, 2024
2024-01-31;https://is1-ssl.mzstatic.com/image/thumb/Music116/v4/bd/ac/c6/bdacc674-bd3d-98d4-b529-d2325560b745/197190542349.jpg/296x296bf-60.jpg;https://music.apple.com/us/album/to-watch-with-hands-to-touch-with-eyes/1718727104;To Watch With Hands... To Touch With Eyes;https://music.apple.com/us/artist/coltre/1522323509;Coltre;2024-02-23 00:00:00;February 23, 2024
2024-01-31;https://is1-ssl.mzstatic.com/image/thumb/Music126/v4/54/72/e4/5472e4e8-67ed-ce4f-36a2-264d04154a4b/656191961523.jpg/296x296bf-60.jpg;https://music.apple.com/us/album/corryvreckan/1705259005;Corryvreckan;https://music.apple.com/us/artist/hand-of-kalliach/1541741631;Hand of Kalliach;2024-02-23 00:00:00;February 23, 2024
2024-01-31;https://is1-ssl.mzstatic.com/image/thumb/Music126/v4/a6/60/f0/a660f0e1-437d-22ad-64d1-b0adcba5b2c3/cover.jpg/296x296bf-60.jpg;https://music.apple.com/us/album/deathgrip/1716027601;Deathgrip;https://music.apple.com/us/artist/crosschains/1535823924;CrossChains;2024-02-23 00:00:00;February 23, 2024
2024-01-31;https://is1-ssl.mzstatic.com/image/thumb/Music116/v4/66/1c/0f/661c0f6b-e9bf-ef87-1644-8fc39b86b408/Job_for_a_Cowboy_-_Moon_Healer.jpg/296x296bf-60.jpg;https://music.apple.com/us/album/moon-healer/1705257039;Moon Healer;https://music.apple.com/us/artist/job-for-a-cowboy/213177752;Job for a Cowboy;2024-02-23 00:00:00;February 23, 2024
2024-01-31;https://is1-ssl.mzstatic.com/image/thumb/Music116/v4/87/85/d0/8785d0f8-2107-b3a7-eea9-2758191e7b6e/810135718615.jpg/296x296bf-60.jpg;https://music.apple.com/us/album/welcome-to-the-machine/1715906973;Welcome To The Machine;https://music.apple.com/us/artist/monkey3/298146891;Monkey3;2024-02-23 00:00:00;February 23, 2024
2024-01-31;https://is1-ssl.mzstatic.com/image/thumb/Music126/v4/c6/09/fb/c609fb62-7edd-04af-a649-7e3306d428a7/196871510783.jpg/296x296bf-60.jpg;https://music.apple.com/us/album/fall/1717851428;Fall;https://music.apple.com/us/artist/borknagar/28430680;Borknagar;2024-02-23 00:00:00;February 23, 2024
2024-01-31;https://is1-ssl.mzstatic.com/image/thumb/Music116/v4/3d/a1/47/3da1476b-a9ab-0c79-bab9-7413ca5687ec/801056408563.jpg/296x296bf-60.jpg;https://music.apple.com/us/album/creation-undone/1718112673;Creation Undone;https://music.apple.com/us/artist/morta-skuld/263635145;Morta Skuld;2024-02-23 00:00:00;February 23, 2024
2024-01-31;https://is1-ssl.mzstatic.com/image/thumb/Music116/v4/bd/b4/13/bdb41389-40de-4b7d-cf27-2b75f11ae96b/21010.jpg/296x296bf-60.jpg;https://music.apple.com/us/album/10-000-volts/1716950294;10,000 Volts;https://music.apple.com/us/artist/ace-frehley/128869;Ace Frehley;2024-02-23 00:00:00;February 23, 2024
2024-01-31;https://is1-ssl.mzstatic.com/image/thumb/Music116/v4/3a/13/63/3a1363ee-32d3-6b85-e645-9007d461c93a/8715392240355.jpg/296x296bf-60.jpg;https://music.apple.com/us/album/anthology-of-horror/1716590096;Anthology of Horror;https://music.apple.com/us/artist/vincent-crowley/709554492;Vincent Crowley;2024-02-23 00:00:00;February 23, 2024
2024-01-31;https://is1-ssl.mzstatic.com/image/thumb/Music126/v4/6f/c8/6a/6fc86a67-0f96-818e-9871-157b2dd8dc55/4059473503767_cover.jpg/296x296bf-60.jpg;https://music.apple.com/us/album/endless-lust-for-gore-ep/1720062254;Endless Lust For Gore - EP;https://music.apple.com/us/artist/slaughterror/1720059486;Slaughterror;2024-02-23 00:00:00;February 23, 2024
2024-01-31;https://is1-ssl.mzstatic.com/image/thumb/Music116/v4/d9/d2/77/d9d2775f-73e1-df50-96e6-2cd3336c523f/196871256322.jpg/296x296bf-60.jpg;https://music.apple.com/us/album/half-black-heart/1715753210;Half Black Heart;https://music.apple.com/us/artist/new-years-day/205776793;New Years Day;2024-03-01 00:00:00;March 1, 2024
2024-01-31;https://is1-ssl.mzstatic.com/image/thumb/Music116/v4/5c/87/9f/5c879fd5-ad30-57a1-f53f-78406d533612/cover.jpg/296x296bf-60.jpg;https://music.apple.com/us/album/profane-prayer/1713747550;Profane Prayer;https://music.apple.com/us/artist/suicidal-angels/261519607;Suicidal Angels;2024-03-01 00:00:00;March 1, 2024
2024-01-31;https://is1-ssl.mzstatic.com/image/thumb/Music126/v4/aa/da/35/aada3599-90bc-0c22-3b58-9b6b2687b04f/196871355797.jpg/296x296bf-60.jpg;https://music.apple.com/us/album/exit-emotions/1717656260;EXIT EMOTIONS;https://music.apple.com/us/artist/blind-channel/844843839;Blind Channel;2024-03-01 00:00:00;March 1, 2024
2024-01-31;https://is1-ssl.mzstatic.com/image/thumb/Music116/v4/02/e1/eb/02e1eb05-cf5a-78e0-75d7-05618ee5f314/cover.jpg/296x296bf-60.jpg;https://music.apple.com/us/album/stand-united/1709919082;Stand United;https://music.apple.com/us/artist/firewind/21299680;Firewind;2024-03-01 00:00:00;March 1, 2024
2024-01-31;https://is1-ssl.mzstatic.com/image/thumb/Music126/v4/b6/38/23/b638235a-2e7b-3c9b-3d4d-2316b05b6bb4/cover.jpg/296x296bf-60.jpg;https://music.apple.com/us/album/heimdal-deluxe-version/1720357075;Heimdal (Deluxe Version);https://music.apple.com/us/artist/enslaved/251500660;Enslaved;2024-03-01 00:00:00;March 1, 2024
2024-01-31;https://is1-ssl.mzstatic.com/image/thumb/Music116/v4/85/8e/a0/858ea055-7f94-981a-b20f-d63c4771a1fa/cover.jpg/296x296bf-60.jpg;https://music.apple.com/us/album/conqueress-extended-ep/1719262821;Conqueress – Extended - EP;https://music.apple.com/us/artist/doro/13631686;Doro;2024-03-01 00:00:00;March 1, 2024
2024-01-31;https://is1-ssl.mzstatic.com/image/thumb/Music116/v4/83/1c/fb/831cfb9d-f826-06be-e9eb-0e15b8c6a871/cover.jpg/296x296bf-60.jpg;https://music.apple.com/us/album/hopiumforthemasses/1698158930;HOPIUMFORTHEMASSES;https://music.apple.com/us/artist/ministry/609022;Ministry;2024-03-01 00:00:00;March 1, 2024
2024-01-31;https://is1-ssl.mzstatic.com/image/thumb/Music116/v4/0e/5a/c1/0e5ac12a-f5e5-e4d4-9277-5a4660689a83/612789664528.jpg/296x296bf-60.jpg;https://music.apple.com/us/album/hymns-for-the-lesser-gods/1717855270;Hymns For The Lesser Gods;https://music.apple.com/us/artist/fathomless-ritual/1717855518;Fathomless Ritual;2024-03-01 00:00:00;March 1, 2024
2024-01-31;https://is1-ssl.mzstatic.com/image/thumb/Music126/v4/8c/84/d8/8c84d82a-3306-a287-8013-931d4def7aa2/cover.jpg/296x296bf-60.jpg;https://music.apple.com/us/album/conjurers-of-cruelty/1718052275;Conjurers of Cruelty;https://music.apple.com/us/artist/devastator/1714058243;Devastator;2024-03-01 00:00:00;March 1, 2024
2024-01-31;https://is1-ssl.mzstatic.com/image/thumb/Music126/v4/7e/82/c1/7e82c11a-d532-225d-9c60-3d92c5b60319/196871506335.jpg/296x296bf-60.jpg;https://music.apple.com/us/album/invincible-shield-deluxe-edition/1709354269;Invincible Shield (Deluxe Edition);https://music.apple.com/us/artist/judas-priest/154707;Judas Priest;2024-03-08 00:00:00;March 8, 2024
2024-01-31;https://is1-ssl.mzstatic.com/image/thumb/Music126/v4/fa/1f/d7/fa1fd7ae-f871-ab6a-31eb-204f2e1b35fb/Gost_-_Prophecy.jpg/296x296bf-60.jpg;https://music.apple.com/us/album/prophecy/1711869671;Prophecy;https://music.apple.com/us/artist/gost/1434068160;Gost;2024-03-08 00:00:00;March 8, 2024
2024-01-31;https://is1-ssl.mzstatic.com/image/thumb/Music126/v4/4a/24/e2/4a24e224-e760-b82a-2c67-4f313b7ab9d1/196871403306.jpg/296x296bf-60.jpg;https://music.apple.com/us/album/fragments-of-the-ageless/1716948568;Fragments of the Ageless;https://music.apple.com/us/artist/skeletal-remains/575935288;Skeletal Remains;2024-03-08 00:00:00;March 8, 2024
2024-01-31;https://is1-ssl.mzstatic.com/image/thumb/Music116/v4/7a/5d/59/7a5d5965-eeac-93d8-693c-bdcf36d38284/cover.jpg/296x296bf-60.jpg;https://music.apple.com/us/album/defectum-omnium/1719971088;Defectum Omnium;https://music.apple.com/us/artist/exhorder/106228497;Exhorder;2024-03-08 00:00:00;March 8, 2024
2024-01-31;https://is1-ssl.mzstatic.com/image/thumb/Music116/v4/d1/bb/4d/d1bb4df4-6c4c-0c83-95be-a55aa2b1d6bb/5054197670152.jpg/296x296bf-60.jpg;https://music.apple.com/us/album/clear-cold-beyond/1716785643;Clear Cold Beyond;https://music.apple.com/us/artist/sonata-arctica/29048370;Sonata Arctica;2024-03-08 00:00:00;March 8, 2024
2024-01-31;https://is1-ssl.mzstatic.com/image/thumb/Music126/v4/69/c1/c7/69c1c799-8b01-d07f-e1ed-402e6e91aca9/843563171622.jpg/296x296bf-60.jpg;https://music.apple.com/us/album/molded-by-broken-hands-bonus-track-version/1719970268;Molded by Broken Hands (Bonus Track Version);https://music.apple.com/us/artist/grey-skies-fallen/381465902;Grey Skies Fallen;2024-03-08 00:00:00;March 8, 2024
2024-01-31;https://is1-ssl.mzstatic.com/image/thumb/Music116/v4/7a/2f/02/7a2f023d-e9b9-0757-c13b-f96c7fd356e7/822603197006.jpg/296x296bf-60.jpg;https://music.apple.com/us/album/of-grace-and-gravity/1715908682;Of Grace and Gravity;https://music.apple.com/us/artist/merrimack/41660594;Merrimack;2024-03-08 00:00:00;March 8, 2024
2024-01-31;https://is1-ssl.mzstatic.com/image/thumb/Music116/v4/89/7a/d2/897ad29f-cea0-98a6-23e8-d73ff52f3bba/Midnight_-_Hellish_Expectations.jpg/296x296bf-60.jpg;https://music.apple.com/us/album/hellish-expectations/1720028879;Hellish Expectations;https://music.apple.com/us/artist/midnight/19103949;Midnight;2024-03-08 00:00:00;March 8, 2024
2024-01-31;https://is1-ssl.mzstatic.com/image/thumb/Music116/v4/43/98/f7/4398f7e6-412f-70b0-8940-c01188cbb357/cover.jpg/296x296bf-60.jpg;https://music.apple.com/us/album/vault-of-horrors/1721696267;Vault Of Horrors;https://music.apple.com/us/artist/aborted/155833533;Aborted;2024-03-15 00:00:00;March 15, 2024
2024-01-31;https://is1-ssl.mzstatic.com/image/thumb/Music126/v4/bd/23/64/bd23649b-9960-ee58-52a2-f4b755be3e8a/822603000597.jpg/296x296bf-60.jpg;https://music.apple.com/us/album/epic/1717675513;EPIC;https://music.apple.com/us/artist/vltimas/1445457453;VLTIMAS;2024-03-15 00:00:00;March 15, 2024
2024-01-31;https://is1-ssl.mzstatic.com/image/thumb/Music126/v4/50/31/94/503194a7-614c-bf2a-f7ec-9a3549b89f6b/196871344210.jpg/296x296bf-60.jpg;https://music.apple.com/us/album/insanium/1720017032;Insanium;https://music.apple.com/us/artist/whom-gods-destroy/1726194264;Whom Gods Destroy;2024-03-15 00:00:00;March 15, 2024
2024-01-31;https://is1-ssl.mzstatic.com/image/thumb/Music126/v4/42/c1/11/42c111e5-e939-53e8-6df2-21f3ced27be1/196871489751.jpg/296x296bf-60.jpg;https://music.apple.com/us/album/in-the-twilight-grey/1716948993;In the Twilight Grey;https://music.apple.com/us/artist/necrophobic/81241543;Necrophobic;2024-03-15 00:00:00;March 15, 2024
2024-01-31;https://is1-ssl.mzstatic.com/image/thumb/Music126/v4/30/4b/b9/304bb969-59f2-6207-2b0b-e6a51087839c/197190185942.jpg/296x296bf-60.jpg;https://music.apple.com/us/album/demons/1715031919;Demons;https://music.apple.com/us/artist/nonexister/1675123776;NONEXISTER;2024-03-15 00:00:00;March 15, 2024
2024-01-31;https://is1-ssl.mzstatic.com/image/thumb/Music126/v4/ab/01/72/ab017230-8fd0-a9e9-b8fa-0ea85748e1cf/197190261240.jpg/296x296bf-60.jpg;https://music.apple.com/us/album/r%C3%A5tner-p%C3%A5-rot-ep/1719137779;Råtner på Rot - EP;https://music.apple.com/us/artist/jordsjuk/1719137785;Jordsjuk;2024-03-15 00:00:00;March 15, 2024
2024-01-31;https://is1-ssl.mzstatic.com/image/thumb/Music116/v4/26/f9/05/26f9055e-3076-78ec-54c5-1f1dbfef59c6/197190412321.jpg/296x296bf-60.jpg;https://music.apple.com/us/album/the-dismal-advance/1716089515;The Dismal Advance;https://music.apple.com/us/artist/shock-withdrawal/1599342658;Shock Withdrawal;2024-03-15 00:00:00;March 15, 2024
2024-01-31;https://is1-ssl.mzstatic.com/image/thumb/Music116/v4/0b/c5/85/0bc585db-89c4-ec4b-a3d1-cbfe57566314/197190754810.jpg/296x296bf-60.jpg;https://music.apple.com/us/album/tough-love/1724074435;Tough Love;https://music.apple.com/us/artist/aardvark/1706078803;Aardvark;2024-03-15 00:00:00;March 15, 2024
2024-01-31;https://is1-ssl.mzstatic.com/image/thumb/Music126/v4/d5/89/2d/d5892d41-687f-2656-11f2-383516c5e304/822603000443.jpg/296x296bf-60.jpg;https://music.apple.com/us/album/eg-er-framand-ep/1724076707;Eg Er Framand - EP;https://music.apple.com/us/artist/sylvaine/455094955;Sylvaine;2024-03-22 00:00:00;March 22, 2024
2024-01-31;https://is1-ssl.mzstatic.com/image/thumb/Music116/v4/0d/5d/dc/0d5ddc9c-73c7-4f9b-bfb5-a179d7430f6a/196871548250.jpg/296x296bf-60.jpg;https://music.apple.com/us/album/unextinct/1721395127;Unextinct;https://music.apple.com/us/artist/hideous-divinity/512731577;Hideous Divinity;2024-03-22 00:00:00;March 22, 2024
2024-01-31;https://is1-ssl.mzstatic.com/image/thumb/Music116/v4/15/41/59/154159e1-03cc-c140-5c06-a07b0c4f8b0c/21087.jpg/296x296bf-60.jpg;https://music.apple.com/us/album/deprecipice/1717653755;Deprecipice;https://music.apple.com/us/artist/mastiff/887330596;MASTIFF;2024-03-22 00:00:00;March 22, 2024
2024-01-31;https://is1-ssl.mzstatic.com/image/thumb/Music116/v4/a5/8d/aa/a58daa86-62f9-de7f-04d9-7141a0ef89ed/5401148004618_cover.jpg/296x296bf-60.jpg;https://music.apple.com/us/album/self-hell/1715007277;Self Hell;https://music.apple.com/us/artist/while-she-sleeps/380178195;While She Sleeps;2024-03-29 00:00:00;March 29, 2024
2024-01-31;https://is1-ssl.mzstatic.com/image/thumb/Music126/v4/d9/d8/f4/d9d8f4fa-b864-a5e4-e8ea-61dcadf95e90/cover.jpg/296x296bf-60.jpg;https://music.apple.com/us/album/the-absence/1719946981;The Absence;https://music.apple.com/us/artist/the-absence/78997424;The Absence;2024-03-29 00:00:00;March 29, 2024
2024-01-31;https://is1-ssl.mzstatic.com/image/thumb/Music116/v4/cb/cc/4d/cbcc4d9d-0cc4-6554-f8b6-6cc93fdb5b0e/612789664603.jpg/296x296bf-60.jpg;https://music.apple.com/us/album/beyond-the-palest-star/1721386986;Beyond The Palest Star;https://music.apple.com/us/artist/vorga/1454170253;Vorga;2024-03-29 00:00:00;March 29, 2024
2024-01-31;https://is1-ssl.mzstatic.com/image/thumb/Music126/v4/a4/66/20/a46620eb-0936-9019-0ba9-f2c3ff189645/197190500400.jpg/296x296bf-60.jpg;https://music.apple.com/us/album/thoughts-prayers/1721037332;"Thoughts &amp; Prayers";https://music.apple.com/us/artist/cnts/1478078395;CNTS;2024-03-29 00:00:00;March 29, 2024
2024-01-31;https://is1-ssl.mzstatic.com/image/thumb/Music126/v4/20/41/04/20410451-9605-659e-ee39-a338ed003023/Ingested_-_The_Tide_of_Death_and_Fractured_Dreams.jpg/296x296bf-60.jpg;https://music.apple.com/us/album/the-tide-of-death-and-fractured-dreams/1719018912;The Tide of Death and Fractured Dreams;https://music.apple.com/us/artist/ingested/316626426;Ingested;2024-04-05 00:00:00;April 5, 2024
2024-01-31;https://is1-ssl.mzstatic.com/image/thumb/Music126/v4/c8/09/4e/c8094e11-555c-b588-ac03-a85c779da8c7/cover.jpg/296x296bf-60.jpg;https://music.apple.com/us/album/rankarumpu/1721567598;Rankarumpu;https://music.apple.com/us/artist/korpiklaani/35939436;Korpiklaani;2024-04-05 00:00:00;April 5, 2024
2024-01-31;https://is1-ssl.mzstatic.com/image/thumb/Music116/v4/da/53/2e/da532eb9-cd16-55b8-f882-4ac5b3a33743/197190098068.jpg/296x296bf-60.jpg;https://music.apple.com/us/album/solemn/1712338517;Solemn;https://music.apple.com/us/artist/in-vain/1484397269;In Vain;2024-04-05 00:00:00;April 5, 2024
2024-01-31;https://is1-ssl.mzstatic.com/image/thumb/Music116/v4/d5/72/ff/d572ff1e-201f-606b-547f-cc7433ecf585/197190619867.jpg/296x296bf-60.jpg;https://music.apple.com/us/album/oldfodt-ep/1724440488;Oldfodt - EP;https://music.apple.com/us/artist/ondf%C3%B8dt/1234048985;Ondfødt;2024-04-05 00:00:00;April 5, 2024
2024-01-31;https://is1-ssl.mzstatic.com/image/thumb/Music116/v4/78/a8/7e/78a87e9b-362e-6f49-2100-64dbcb624898/2227.jpg/296x296bf-60.jpg;https://music.apple.com/us/album/beneath-the-threshold-deluxe-edition/1721880145;Beneath the Threshold (Deluxe Edition);https://music.apple.com/us/artist/austere/164952075;Austere;2024-04-05 00:00:00;April 5, 2024
2024-01-31;https://is1-ssl.mzstatic.com/image/thumb/Music116/v4/f5/9b/50/f59b5020-9c42-f1c7-5f15-0f2f3afbaf97/612789664610.jpg/296x296bf-60.jpg;https://music.apple.com/us/album/infinite-mortality/1724088792;Infinite Mortality;https://music.apple.com/us/artist/replicant/1490641590;Replicant;2024-04-12 00:00:00;April 12, 2024
2024-01-31;https://is1-ssl.mzstatic.com/image/thumb/Music126/v4/80/55/48/80554860-e2f5-67c4-60fc-8bf1c9ef9dad/4029759188506.jpg/296x296bf-60.jpg;https://music.apple.com/us/album/karma/1707615046;Karma;https://music.apple.com/us/artist/myrath/317299570;Myrath;2024-02-02 00:00:00;February 2, 2024
2024-02-02;https://is1-ssl.mzstatic.com/image/thumb/Music126/v4/50/57/42/5057423a-b81a-6fbf-3ec8-0135ce7003bd/cover.jpg/296x296bf-60.jpg;https://music.apple.com/us/album/the-twilight-robes/1727522192;The Twilight Robes;https://music.apple.com/us/artist/they-came-from-visions/1592159944;They Came From Visions;2024-02-23 00:00:00;February 23, 2024
2024-02-02;https://is1-ssl.mzstatic.com/image/thumb/Music126/v4/7d/96/52/7d9652f0-f6c5-b6a6-0837-62dbc99b6369/cover.jpg/296x296bf-60.jpg;https://music.apple.com/us/album/interbellum/1718529189;Interbellum;https://music.apple.com/us/artist/cathubodua/1477800015;Cathubodua;2024-02-23 00:00:00;February 23, 2024
2024-02-02;https://is1-ssl.mzstatic.com/image/thumb/Music116/v4/b6/c2/74/b6c274ca-07ca-5754-46f3-f3751c1cdfe3/656191961721.jpg/296x296bf-60.jpg;https://music.apple.com/us/album/the-way-of-ancients/1705259625;The Way Of Ancients;https://music.apple.com/us/artist/volcandra/1450566568;Volcandra;2024-03-01 00:00:00;March 1, 2024
2024-02-02;https://is1-ssl.mzstatic.com/image/thumb/Music116/v4/18/5d/8c/185d8c46-c910-3d56-848f-b71a08f95192/cover.jpg/296x296bf-60.jpg;https://music.apple.com/us/album/of-war-and-flames/1722040121;Of War and Flames;https://music.apple.com/us/artist/alterium/1702238550;Alterium;2024-03-08 00:00:00;March 8, 2024
2024-02-02;https://is1-ssl.mzstatic.com/image/thumb/Music116/v4/47/4b/62/474b6249-47c4-0fc9-a662-f01b488a860e/cover.jpg/296x296bf-60.jpg;https://music.apple.com/us/album/islet-feat-dei-farne/1720361561;Islet (feat. Dei Farne);https://music.apple.com/us/artist/lindy-fay-hella/1477161782;Lindy-Fay Hella;2024-03-08 00:00:00;March 8, 2024
2024-02-02;https://is1-ssl.mzstatic.com/image/thumb/Music116/v4/82/df/21/82df21b1-f439-a63d-9357-722539061870/Hamfer_-_Men_Gu_s_hond_er_sterk.jpg/296x296bf-60.jpg;https://music.apple.com/us/album/men-gu%C3%B0s-hond-er-sterk/1720052243;Men Guðs hond er sterk;https://music.apple.com/us/artist/hamfer%C3%B0/415357866;Hamferð;2024-03-22 00:00:00;March 22, 2024
2024-02-02;https://is1-ssl.mzstatic.com/image/thumb/Music126/v4/0f/90/84/0f908484-7b7b-9c33-a5ff-682edd6b5b05/cover.jpg/296x296bf-60.jpg;https://music.apple.com/us/album/myths-of-fate/1726606609;Myths of Fate;https://music.apple.com/us/artist/leaves-eyes/390303079;Leaves' Eyes;2024-03-22 00:00:00;March 22, 2024
2024-02-02;https://is1-ssl.mzstatic.com/image/thumb/Music126/v4/10/a1/12/10a112ed-d8d9-ab34-57b8-358e4fdc2419/723314784090.jpg/296x296bf-60.jpg;https://music.apple.com/us/album/artificial-bouquet/1719139379;Artificial Bouquet;https://music.apple.com/us/artist/frail-body/1328788231;Frail Body;2024-03-29 00:00:00;March 29, 2024
2024-02-02;https://is1-ssl.mzstatic.com/image/thumb/Music126/v4/ee/ed/1b/eeed1b76-9a47-7fb2-b9e6-c9df47294a20/cover.jpg/296x296bf-60.jpg;https://music.apple.com/us/album/le-bannissement/1727568708;Le bannissement;https://music.apple.com/us/artist/cantique-l%C3%A9preux/1092791040;Cantique Lépreux;2024-03-29 00:00:00;March 29, 2024
2024-02-02;https://is1-ssl.mzstatic.com/image/thumb/Music126/v4/25/42/d4/2542d467-afef-c9a7-b224-b22083b4ff54/cover.jpg/296x296bf-60.jpg;https://music.apple.com/us/album/noir/1719590406;NOIR;https://music.apple.com/us/artist/it-follows/1358647880;IT Follows;2024-04-05 00:00:00;April 5, 2024
2024-02-02;https://is1-ssl.mzstatic.com/image/thumb/Music126/v4/a0/f8/da/a0f8daee-7ce4-eea1-a3d9-d09282a9deda/612789664672.jpg/296x296bf-60.jpg;https://music.apple.com/us/album/and-the-universe-keeps-silent/1727583874;.​.​.​And The Universe Keeps Silent;https://music.apple.com/us/artist/maere/1496556524;Maere;2024-04-19 00:00:00;April 19, 2024
2024-02-02;https://is1-ssl.mzstatic.com/image/thumb/Music126/v4/d0/3d/4f/d03d4fb2-ce4c-7f1f-20dd-386740ac21aa/cover.jpg/296x296bf-60.jpg;https://music.apple.com/us/album/pandemonium-ii-the-battle-of-the-underworlds/1717578556;Pandemonium II: The Battle of the Underworlds;https://music.apple.com/us/artist/gothminister/78309473;Gothminister;2024-05-03 00:00:00;May 3, 2024
2024-02-02;https://is1-ssl.mzstatic.com/image/thumb/Music116/v4/3e/4a/f3/3e4af325-92a7-1bfe-aea6-338168d00c54/8712725747116.png/296x296bf-60.jpg;https://music.apple.com/us/album/modern-error/1718256785;Modern Error;https://music.apple.com/us/artist/defects/1597007911;Defects;2024-05-24 00:00:00;May 24, 2024
2024-02-09;https://is1-ssl.mzstatic.com/image/thumb/Music126/v4/b7/8d/4f/b78d4fb3-cec9-4e41-8509-c9612994f7e7/197190344455.jpg/296x296bf-60.jpg;https://music.apple.com/us/album/love-hate-ep/1716269523;Love / Hate - EP;https://music.apple.com/us/artist/alienist/1484309957;Alienist;2024-03-01 00:00:00;March 1, 2024
2024-02-09;https://is1-ssl.mzstatic.com/image/thumb/Music116/v4/96/d7/70/96d77055-d0a1-ae95-80fb-f4e92d64e08c/cover.jpg/296x296bf-60.jpg;https://music.apple.com/us/album/asylum/1722271141;Asylum;https://music.apple.com/us/artist/atrophy/1463128649;Atrophy;2024-03-15 00:00:00;March 15, 2024
2024-02-09;https://is1-ssl.mzstatic.com/image/thumb/Music126/v4/eb/d9/de/ebd9def1-f8e4-b8b5-fa11-769082cff926/656191962827.jpg/296x296bf-60.jpg;https://music.apple.com/us/album/social-grace/1710413175;Social Grace;https://music.apple.com/us/artist/brat/1478906464;BRAT;2024-03-15 00:00:00;March 15, 2024
2024-02-09;https://is1-ssl.mzstatic.com/image/thumb/Music126/v4/d9/99/2b/d9992bab-710a-5c5b-a458-d97ff8dfb14e/197190596892.jpg/296x296bf-60.jpg;https://music.apple.com/us/album/nocturnal-will/1719867942;Nocturnal Will;https://music.apple.com/us/artist/d%C3%B6dsrit/1296977607;Dödsrit;2024-03-22 00:00:00;March 22, 2024
2024-02-09;https://is1-ssl.mzstatic.com/image/thumb/Music116/v4/52/9b/83/529b83bd-baa5-981c-ea0b-a241dd0a98dd/810137301303.jpg/296x296bf-60.jpg;https://music.apple.com/us/album/k%C3%B6nig-und-kaiser/1718556240;König und Kaiser;https://music.apple.com/us/artist/hammer-king/925177434;Hammer King;2024-03-22 00:00:00;March 22, 2024
2024-02-09;https://is1-ssl.mzstatic.com/image/thumb/Music126/v4/1f/dd/20/1fdd2010-79da-6a0f-d512-a5e2d15989e8/801056411365.jpg/296x296bf-60.jpg;https://music.apple.com/us/album/coffin-storm/1725487444;Coffin Storm;https://music.apple.com/us/artist/coffin-storm/1725487454;Coffin Storm;2024-03-29 00:00:00;March 29, 2024
2024-02-09;https://is1-ssl.mzstatic.com/image/thumb/Music116/v4/f4/31/e5/f431e5d1-481b-44c5-47e3-734f7045949c/197190962314.jpg/296x296bf-60.jpg;https://music.apple.com/us/album/lifeless-birth/1727011323;Lifeless Birth;https://music.apple.com/us/artist/necrot/1083788889;Necrot;2024-04-12 00:00:00;April 12, 2024
2024-02-09;https://is1-ssl.mzstatic.com/image/thumb/Music116/v4/73/a5/30/73a530a1-3ab9-6f6d-455f-db455c925459/822603001662.jpg/296x296bf-60.jpg;https://music.apple.com/us/album/ekbom/1724477295;Ekbom;https://music.apple.com/us/artist/benighted/267088245;Benighted;2024-04-12 00:00:00;April 12, 2024
2024-02-09;https://is1-ssl.mzstatic.com/image/thumb/Music126/v4/c5/13/73/c5137348-1ef9-e8a3-53c9-b23c757d4236/0045778801060.png/296x296bf-60.jpg;https://music.apple.com/us/album/searching-for-solace/1725808523;Searching for Solace;https://music.apple.com/us/artist/the-ghost-inside/276963639;The Ghost Inside;2024-04-19 00:00:00;April 19, 2024
2024-02-09;https://is1-ssl.mzstatic.com/image/thumb/Music116/v4/cc/76/5d/cc765d22-b228-5ba0-a3b0-7b444fde7200/197190536409.jpg/296x296bf-60.jpg;https://music.apple.com/us/album/tarantula-heart/1721293269;Tarantula Heart;https://music.apple.com/us/artist/melvins/737433;Melvins;2024-04-19 00:00:00;April 19, 2024
2024-02-09;https://is1-ssl.mzstatic.com/image/thumb/Music116/v4/75/12/81/7512815a-607e-01ca-b7ba-df49fe67cb02/822603000306.jpg/296x296bf-60.jpg;https://music.apple.com/us/album/lunatic-choir/1726068662;Lunatic Choir;https://music.apple.com/us/artist/night-shall-drape-us/1726068673;Night Shall Drape Us;2024-04-26 00:00:00;April 26, 2024
2024-02-09;https://is1-ssl.mzstatic.com/image/thumb/Music126/v4/0b/4b/a9/0b4ba985-b825-f6c1-45b6-5fdfc256ada5/197190919240.jpg/296x296bf-60.jpg;https://music.apple.com/us/album/from-hell-i-rise/1727003994;From Hell I Rise;https://music.apple.com/us/artist/kerry-king/28181124;Kerry King;2024-05-17 00:00:00;May 17, 2024
2024-02-09;https://is1-ssl.mzstatic.com/image/thumb/Music126/v4/7b/80/58/7b805802-619f-ea7c-99bd-5858c41033ae/5054197808678.jpg/296x296bf-60.jpg;https://music.apple.com/us/album/let-the-fury-rise/1726009152;Let the Fury Rise;https://music.apple.com/us/artist/bloodorn/1615790771;Bloodorn;2024-05-24 00:00:00;May 24, 2024
